"fid","Plant_ID","spl_code","Panel","General","Detail","Cut","Panel.Label","x_coord","y_coord","mg"
1,"Cotinus coggygria Scop. 'Purpureus'","dbgi_000909","DCIM/JPEG_20230207125354478.jpg","DCIM/JPEG_20230207125420052.jpg","DCIM/JPEG_20230207125437941.jpg","DCIM/Stephanie_sampleCotinus coggygria Scop. 'Purpureus'dbgi_000909DCIM/JPEG_20230207125509993.jpg.jpg","DCIM/JPEG_20230207125543410.jpg",7.15549712160495,46.7929275743982,NA
8,"Pistacia vera L. Femelle","dbgi_000914","DCIM/JPEG_20230207131535847.jpg","DCIM/JPEG_20230207131558826.jpg","DCIM/JPEG_20230207131639037.jpg","DCIM/JPEG_20230207131711951.jpg","DCIM/JPEG_20230207131617543.jpg",7.15507171746993,46.7931423277083,NA
5,"Schinus molle L. var. molle","dbgi_000985","DCIM/JPEG_20230207133016886.jpg","DCIM/JPEG_20230207132901346.jpg","DCIM/JPEG_20230207132919342.jpg","DCIM/JPEG_20230207132937123.jpg","DCIM/JPEG_20230207133005178.jpg",7.15509231607123,46.7931400949589,NA
4,"Schinus molle L. var. molle","dbgi_001009","DCIM/JPEG_20230207132347602.jpg","DCIM/JPEG_20230207132600112.jpg","DCIM/JPEG_20230207132506713.jpg","DCIM/JPEG_20230207132527084.jpg","DCIM/JPEG_20230207132400314.jpg",7.15509469774434,46.7931390055369,NA
7,"Mangifera indica L.","dbgi_001015","DCIM/JPEG_20230207130149589.jpg","DCIM/JPEG_20230207130208139.jpg","DCIM/JPEG_20230207130306128.jpg","DCIM/JPEG_20230207130344662.jpg","DCIM/JPEG_20230207130240725.jpg",7.15597784077214,46.7926911739236,NA
